symbol,yahoo_symbol,effective_from,effective_to,retrieved_at,source_url
AEFES,AEFES.IS,2026-07-01,2026-09-30,2026-09-03,https://www.borsaistanbul.com/files/endeks_agirlik_ds_genel.csv
AKBNK,AKBNK.IS,2026-07-01,2026-09-30,2026-09-03,https://www.borsaistanbul.com/files/endeks_agirlik_ds_genel.csv
ASELS,ASELS.IS,2026-07-01,2026-09-30,2026-09-03,https://www.borsaistanbul.com/files/endeks_agirlik_ds_genel.csv
ASTOR,ASTOR.IS,2026-07-01,2026-09-30,2026-09-03,https://www.borsaistanbul.com/files/endeks_agirlik_ds_genel.csv
BIMAS,BIMAS.IS,2026-07-01,2026-09-30,2026-09-03,https://www.borsaistanbul.com/files/endeks_agirlik_ds_genel.csv
DSTKF,DSTKF.IS,2026-07-01,2026-09-30,2026-09-03,https://www.borsaistanbul.com/files/endeks_agirlik_ds_genel.csv
EKGYO,EKGYO.IS,2026-07-01,2026-09-30,2026-09-03,https://www.borsaistanbul.com/files/endeks_agirlik_ds_genel.csv
ENKAI,ENKAI.IS,2026-07-01,2026-09-30,2026-09-03,https://www.borsaistanbul.com/files/endeks_agirlik_ds_genel.csv
EREGL,EREGL.IS,2026-07-01,2026-09-30,2026-09-03,https://www.borsaistanbul.com/files/endeks_agirlik_ds_genel.csv
FROTO,FROTO.IS,2026-07-01,2026-09-30,2026-09-03,https://www.borsaistanbul.com/files/endeks_agirlik_ds_genel.csv
GARAN,GARAN.IS,2026-07-01,2026-09-30,2026-09-03,https://www.borsaistanbul.com/files/endeks_agirlik_ds_genel.csv
GUBRF,GUBRF.IS,2026-07-01,2026-09-30,2026-09-03,https://www.borsaistanbul.com/files/endeks_agirlik_ds_genel.csv
ISCTR,ISCTR.IS,2026-07-01,2026-09-30,2026-09-03,https://www.borsaistanbul.com/files/endeks_agirlik_ds_genel.csv
KCHOL,KCHOL.IS,2026-07-01,2026-09-30,2026-09-03,https://www.borsaistanbul.com/files/endeks_agirlik_ds_genel.csv
KRDMD,KRDMD.IS,2026-07-01,2026-09-30,2026-09-03,https://www.borsaistanbul.com/files/endeks_agirlik_ds_genel.csv
MGROS,MGROS.IS,2026-07-01,2026-09-30,2026-09-03,https://www.borsaistanbul.com/files/endeks_agirlik_ds_genel.csv
PETKM,PETKM.IS,2026-07-01,2026-09-30,2026-09-03,https://www.borsaistanbul.com/files/endeks_agirlik_ds_genel.csv
PGSUS,PGSUS.IS,2026-07-01,2026-09-30,2026-09-03,https://www.borsaistanbul.com/files/endeks_agirlik_ds_genel.csv
SAHOL,SAHOL.IS,2026-07-01,2026-09-30,2026-09-03,https://www.borsaistanbul.com/files/endeks_agirlik_ds_genel.csv
SASA,SASA.IS,2026-07-01,2026-09-30,2026-09-03,https://www.borsaistanbul.com/files/endeks_agirlik_ds_genel.csv
SISE,SISE.IS,2026-07-01,2026-09-30,2026-09-03,https://www.borsaistanbul.com/files/endeks_agirlik_ds_genel.csv
TAVHL,TAVHL.IS,2026-07-01,2026-09-30,2026-09-03,https://www.borsaistanbul.com/files/endeks_agirlik_ds_genel.csv
TCELL,TCELL.IS,2026-07-01,2026-09-30,2026-09-03,https://www.borsaistanbul.com/files/endeks_agirlik_ds_genel.csv
THYAO,THYAO.IS,2026-07-01,2026-09-30,2026-09-03,https://www.borsaistanbul.com/files/endeks_agirlik_ds_genel.csv
TOASO,TOASO.IS,2026-07-01,2026-09-30,2026-09-03,https://www.borsaistanbul.com/files/endeks_agirlik_ds_genel.csv
TRALT,TRALT.IS,2026-07-01,2026-09-30,2026-09-03,https://www.borsaistanbul.com/files/endeks_agirlik_ds_genel.csv
TTKOM,TTKOM.IS,2026-07-01,2026-09-30,2026-09-03,https://www.borsaistanbul.com/files/endeks_agirlik_ds_genel.csv
TUPRS,TUPRS.IS,2026-07-01,2026-09-30,2026-09-03,https://www.borsaistanbul.com/files/endeks_agirlik_ds_genel.csv
VAKBN,VAKBN.IS,2026-07-01,2026-09-30,2026-09-03,https://www.borsaistanbul.com/files/endeks_agirlik_ds_genel.csv
YKBNK,YKBNK.IS,2026-07-01,2026-09-30,2026-09-03,https://www.borsaistanbul.com/files/endeks_agirlik_ds_genel.csv
AEFES,AEFES.IS,2026-10-01,2026-12-31,2026-10-08,https://www.borsaistanbul.com/files/endeks_agirlik_ds_genel.csv
AKBNK,AKBNK.IS,2026-10-01,2026-12-31,2026-10-08,https://www.borsaistanbul.com/files/endeks_agirlik_ds_genel.csv
ASELS,ASELS.IS,2026-10-01,2026-12-31,2026-10-08,https://www.borsaistanbul.com/files/endeks_agirlik_ds_genel.csv
ASTOR,ASTOR.IS,2026-10-01,2026-12-31,2026-10-08,https://www.borsaistanbul.com/files/endeks_agirlik_ds_genel.csv
BIMAS,BIMAS.IS,2026-10-01,2026-12-31,2026-10-08,https://www.borsaistanbul.com/files/endeks_agirlik_ds_genel.csv
EKGYO,EKGYO.IS,2026-10-01,2026-12-31,2026-10-08,https://www.borsaistanbul.com/files/endeks_agirlik_ds_genel.csv
ENKAI,ENKAI.IS,2026-10-01,2026-12-31,2026-10-08,https://www.borsaistanbul.com/files/endeks_agirlik_ds_genel.csv
EREGL,EREGL.IS,2026-10-01,2026-12-31,2026-10-08,https://www.borsaistanbul.com/files/endeks_agirlik_ds_genel.csv
FROTO,FROTO.IS,2026-10-01,2026-12-31,2026-10-08,https://www.borsaistanbul.com/files/endeks_agirlik_ds_genel.csv
GARAN,GARAN.IS,2026-10-01,2026-12-31,2026-10-08,https://www.borsaistanbul.com/files/endeks_agirlik_ds_genel.csv
GUBRF,GUBRF.IS,2026-10-01,2026-12-31,2026-10-08,https://www.borsaistanbul.com/files/endeks_agirlik_ds_genel.csv
ISCTR,ISCTR.IS,2026-10-01,2026-12-31,2026-10-08,https://www.borsaistanbul.com/files/endeks_agirlik_ds_genel.csv
KCHOL,KCHOL.IS,2026-10-01,2026-12-31,2026-10-08,https://www.borsaistanbul.com/files/endeks_agirlik_ds_genel.csv
KRDMD,KRDMD.IS,2026-10-01,2026-12-31,2026-10-08,https://www.borsaistanbul.com/files/endeks_agirlik_ds_genel.csv
MGROS,MGROS.IS,2026-10-01,2026-12-31,2026-10-08,https://www.borsaistanbul.com/files/endeks_agirlik_ds_genel.csv
PETKM,PETKM.IS,2026-10-01,2026-12-31,2026-10-08,https://www.borsaistanbul.com/files/endeks_agirlik_ds_genel.csv
PGSUS,PGSUS.IS,2026-10-01,2026-12-31,2026-10-08,https://www.borsaistanbul.com/files/endeks_agirlik_ds_genel.csv
SAHOL,SAHOL.IS,2026-10-01,2026-12-31,2026-10-08,https://www.borsaistanbul.com/files/endeks_agirlik_ds_genel.csv
SASA,SASA.IS,2026-10-01,2026-12-31,2026-10-08,https://www.borsaistanbul.com/files/endeks_agirlik_ds_genel.csv
SISE,SISE.IS,2026-10-01,2026-12-31,2026-10-08,https://www.borsaistanbul.com/files/endeks_agirlik_ds_genel.csv
TAVHL,TAVHL.IS,2026-10-01,2026-12-31,2026-10-08,https://www.borsaistanbul.com/files/endeks_agirlik_ds_genel.csv
TCELL,TCELL.IS,2026-10-01,2026-12-31,2026-10-08,https://www.borsaistanbul.com/files/endeks_agirlik_ds_genel.csv
THYAO,THYAO.IS,2026-10-01,2026-12-31,2026-10-08,https://www.borsaistanbul.com/files/endeks_agirlik_ds_genel.csv
TOASO,TOASO.IS,2026-10-01,2026-12-31,2026-10-08,https://www.borsaistanbul.com/files/endeks_agirlik_ds_genel.csv
TRALT,TRALT.IS,2026-10-01,2026-12-31,2026-10-08,https://www.borsaistanbul.com/files/endeks_agirlik_ds_genel.csv
TRMET,TRMET.IS,2026-10-01,2026-12-31,2026-10-08,https://www.borsaistanbul.com/files/endeks_agirlik_ds_genel.csv
TTKOM,TTKOM.IS,2026-10-01,2026-12-31,2026-10-08,https://www.borsaistanbul.com/files/endeks_agirlik_ds_genel.csv
TUPRS,TUPRS.IS,2026-10-01,2026-12-31,2026-10-08,https://www.borsaistanbul.com/files/endeks_agirlik_ds_genel.csv
VAKBN,VAKBN.IS,2026-10-01,2026-12-31,2026-10-08,https://www.borsaistanbul.com/files/endeks_agirlik_ds_genel.csv
YKBNK,YKBNK.IS,2026-10-01,2026-12-31,2026-10-08,https://www.borsaistanbul.com/files/endeks_agirlik_ds_genel.csv
